,Train_time,L1_training,L1_valid,MSE_T850,MSE_Z500,MSE_U850,MSE_V850,MSE_Q850,MSE_T2M,MSE_U10,MSE_V10,ACC_T850,ACC_Z500,ACC_T2M,ACC_U10,ACC_V10,Valid_time,Learning_Rate
0,1066.0778,0.87152,0.48671,3.918,635.078,5.105,5.205,2.169,5.396,3.489,3.716,0.673,0.805,0.614,0.565,0.496,112.80644,0.0005
1,992.489389,0.68483,0.43333,3.323,564.728,4.815,5.028,2.086,5.006,3.296,3.555,0.779,0.858,0.669,0.617,0.549,113.48978,0.0005
2,1080.82745,0.64264,0.39343,2.954,497.208,4.69,4.876,1.919,4.062,3.221,3.463,0.819,0.883,0.736,0.639,0.585,98.72717,0.0005
3,1156.365006,0.62034,0.37753,2.828,496.621,4.652,4.729,1.855,3.329,3.241,3.374,0.831,0.883,0.798,0.641,0.609,119.15578,0.0005
4,1101.754474,0.60426,0.36266,2.727,475.57,4.509,4.641,1.842,3.107,3.094,3.299,0.847,0.894,0.831,0.671,0.628,124.38692,0.0005
5,992.217092,0.5899,0.36159,2.838,483.056,4.456,4.555,1.865,3.133,3.074,3.223,0.841,0.892,0.838,0.677,0.649,86.25166,0.0005
6,722.41228,0.57872,0.34744,2.594,452.849,4.426,4.511,1.828,2.702,3.059,3.203,0.861,0.904,0.868,0.682,0.655,85.64815,0.0005
7,720.13616,0.56618,0.34471,2.598,457.115,4.349,4.514,1.836,2.631,3.022,3.217,0.862,0.904,0.876,0.692,0.652,83.74298,0.0005
8,713.290848,0.55704,0.34146,2.578,445.166,4.303,4.427,1.816,2.927,2.963,3.137,0.867,0.909,0.861,0.703,0.673,84.09816,0.0005
9,727.35461,0.54585,0.33477,2.526,432.845,4.277,4.42,1.797,2.467,2.941,3.143,0.872,0.913,0.89,0.709,0.672,83.87277,0.0005
10,746.240893,0.53601,0.32702,2.415,420.415,4.233,4.325,1.801,2.355,2.922,3.053,0.881,0.918,0.899,0.714,0.693,131.04099,0.0005
11,1157.59087,0.52645,0.32561,2.383,424.857,4.207,4.31,1.789,2.309,2.893,3.035,0.885,0.917,0.904,0.721,0.697,146.61743,0.0005
12,927.012737,0.51588,0.32566,2.381,417.162,4.174,4.285,1.787,2.431,2.876,3.018,0.884,0.919,0.898,0.724,0.701,96.51884,0.0005
13,796.847742,0.50625,0.32196,2.299,412.403,4.172,4.234,1.784,2.33,2.888,2.985,0.892,0.921,0.899,0.72,0.708,89.62244,0.0005
14,774.827582,0.49633,0.32309,2.363,418.026,4.202,4.211,1.769,2.594,2.936,3.01,0.885,0.918,0.876,0.712,0.705,96.69081,0.0005
15,779.294588,0.48705,0.32561,2.303,412.191,4.189,4.331,1.779,2.306,2.883,3.071,0.891,0.921,0.902,0.722,0.688,87.69462,0.0005
16,781.666696,0.47999,0.31336,2.273,392.903,4.114,4.126,1.77,2.271,2.833,2.914,0.894,0.928,0.905,0.734,0.725,88.57795,0.0005
17,826.435238,0.46589,0.31305,2.288,398.703,4.094,4.053,1.764,2.192,2.821,2.871,0.892,0.926,0.912,0.736,0.737,86.98113,0.0005
18,757.104574,0.45531,0.31565,2.214,396.209,4.099,4.091,1.767,2.136,2.814,2.89,0.9,0.928,0.916,0.737,0.73,85.22547,0.0005
19,722.38921,0.44409,0.30998,2.236,384.968,4.079,3.984,1.761,2.377,2.801,2.84,0.898,0.931,0.895,0.741,0.741,85.21141,0.0005
20,717.02232,0.43287,0.30333,2.194,366.224,4.054,3.981,1.761,2.123,2.796,2.822,0.902,0.938,0.919,0.742,0.747,84.17836,0.0005
21,718.234311,0.42249,0.30474,2.189,352.989,4.01,3.916,1.764,2.121,2.749,2.79,0.904,0.943,0.919,0.752,0.755,82.70252,0.0005
22,718.600841,0.41045,0.29983,2.224,348.952,3.981,3.965,1.763,2.212,2.737,2.825,0.899,0.944,0.91,0.754,0.744,83.87633,0.0005
23,733.92259,0.40145,0.30724,2.22,370.66,3.966,3.974,1.766,2.18,2.754,2.866,0.903,0.938,0.913,0.753,0.738,84.93843,0.0005
24,721.242337,0.38891,0.30063,2.129,364.204,3.918,3.858,1.753,2.027,2.69,2.736,0.908,0.94,0.925,0.763,0.762,84.52566,0.0005
25,719.069915,0.37488,0.28769,2.081,315.269,3.852,3.789,1.751,2.014,2.637,2.698,0.912,0.955,0.927,0.774,0.77,83.26032,0.0005
26,722.606628,0.36387,0.28662,2.068,309.281,3.861,3.759,1.755,2.016,2.627,2.695,0.915,0.958,0.926,0.778,0.776,85.43215,0.0005
27,718.343885,0.35121,0.28636,2.077,315.559,3.741,3.703,1.749,2.271,2.564,2.649,0.913,0.955,0.906,0.788,0.78,83.53527,0.0005
28,716.247217,0.34038,0.28255,2.079,306.023,3.726,3.712,1.763,2.002,2.557,2.658,0.914,0.958,0.928,0.79,0.778,83.12244,0.0005
29,724.36702,0.32697,0.27777,2.133,291.685,3.68,3.654,1.752,2.131,2.52,2.607,0.91,0.961,0.917,0.796,0.787,84.24159,0.0005
30,720.829273,0.31679,0.27016,1.993,277.441,3.641,3.581,1.743,1.984,2.487,2.556,0.92,0.966,0.93,0.802,0.796,84.25742,0.0005
31,764.937688,0.30603,0.27259,2.022,289.902,3.66,3.634,1.735,1.955,2.514,2.573,0.919,0.962,0.931,0.797,0.793,99.04158,0.0005
32,844.839075,0.29617,0.26258,1.958,258.785,3.575,3.515,1.725,1.919,2.461,2.498,0.923,0.97,0.934,0.807,0.807,103.30211,0.0005
33,831.344412,0.28534,0.26575,1.954,270.348,3.533,3.504,1.724,2.075,2.429,2.478,0.923,0.967,0.922,0.812,0.81,98.04711,0.0005
34,836.69313,0.27657,0.2606,1.901,266.45,3.49,3.438,1.715,1.868,2.383,2.425,0.928,0.969,0.937,0.82,0.819,98.24238,0.0005
35,841.577146,0.26651,0.25533,2.04,254.657,3.452,3.422,1.715,1.899,2.365,2.414,0.919,0.971,0.935,0.823,0.821,99.19623,0.0005
36,835.627031,0.25636,0.25692,1.976,250.353,3.431,3.403,1.695,2.167,2.345,2.408,0.922,0.972,0.914,0.826,0.823,98.83511,0.0005
37,822.649784,0.25012,0.25788,1.937,268.481,3.406,3.392,1.69,2.01,2.324,2.39,0.925,0.968,0.927,0.829,0.825,99.19048,0.0005
38,832.610458,0.24433,0.24988,1.844,245.828,3.361,3.292,1.682,1.863,2.275,2.323,0.932,0.973,0.938,0.838,0.836,97.08006,0.0005
39,725.355443,0.23626,0.24312,1.828,226.559,3.305,3.274,1.674,1.85,2.246,2.296,0.934,0.977,0.938,0.842,0.84,85.71822,0.0005
40,708.319472,0.23087,0.24043,1.852,221.228,3.302,3.257,1.671,1.822,2.242,2.278,0.933,0.978,0.941,0.843,0.843,83.32111,0.0005
41,713.581191,0.22529,0.23951,1.814,220.47,3.308,3.26,1.659,1.769,2.245,2.28,0.936,0.978,0.944,0.842,0.842,83.50559,0.0005
42,708.421426,0.21996,0.23699,1.792,216.046,3.258,3.204,1.646,1.868,2.205,2.246,0.936,0.979,0.936,0.848,0.848,84.08367,0.0005
43,710.470929,0.21758,0.2348,1.771,206.237,3.28,3.213,1.636,1.819,2.213,2.246,0.938,0.981,0.941,0.847,0.847,82.7694,0.0005
44,705.148305,0.21223,0.23078,1.746,199.682,3.234,3.214,1.627,1.735,2.178,2.239,0.939,0.982,0.946,0.852,0.848,82.81299,0.0005
45,708.950811,0.21005,0.23535,1.766,226.185,3.227,3.222,1.612,1.798,2.182,2.257,0.938,0.977,0.941,0.852,0.847,82.91889,0.0005
46,709.986263,0.20901,0.22998,1.71,204.317,3.21,3.179,1.606,1.697,2.167,2.206,0.942,0.981,0.948,0.854,0.853,82.30068,0.0005
47,713.607176,0.20725,0.22985,1.741,218.011,3.21,3.182,1.619,1.716,2.161,2.2,0.94,0.979,0.947,0.855,0.855,84.97935,0.0005
48,715.135914,0.20719,0.23048,1.751,213.28,3.215,3.201,1.61,1.702,2.162,2.212,0.939,0.981,0.947,0.854,0.852,82.69699,0.0005
49,717.375154,0.20989,0.22602,1.679,199.852,3.199,3.174,1.584,1.734,2.151,2.198,0.944,0.982,0.947,0.856,0.855,82.38998,0.0005
50,712.845934,0.20828,0.22563,1.672,213.071,3.19,3.147,1.589,1.696,2.14,2.167,0.945,0.98,0.949,0.858,0.858,83.75128,0.0005
51,714.425269,0.20896,0.22332,1.66,192.126,3.17,3.137,1.565,1.656,2.132,2.169,0.945,0.984,0.951,0.859,0.859,83.84235,0.0005
52,713.367157,0.21038,0.21977,1.654,187.806,3.149,3.13,1.565,1.678,2.106,2.153,0.946,0.984,0.95,0.862,0.86,82.58125,0.0005
53,712.297938,0.21475,0.21968,1.684,194.326,3.149,3.127,1.547,1.628,2.108,2.154,0.944,0.983,0.953,0.863,0.862,83.43781,0.0005
54,755.84418,0.21664,0.21939,1.623,198.658,3.143,3.132,1.543,1.624,2.092,2.136,0.948,0.982,0.953,0.864,0.863,83.73752,0.0005
55,712.044424,0.22092,0.21568,1.6,183.278,3.124,3.092,1.528,1.616,2.082,2.115,0.95,0.985,0.953,0.866,0.866,83.56834,0.0005
56,712.18485,0.22375,0.2112,1.621,183.447,3.095,3.063,1.515,1.606,2.049,2.097,0.949,0.985,0.954,0.871,0.868,82.877,0.0005
57,743.314648,0.22888,0.21068,1.623,180.319,3.081,3.067,1.509,1.634,2.041,2.089,0.948,0.986,0.953,0.871,0.87,82.16103,0.0005
58,713.200529,0.23358,0.20549,1.563,168.293,3.025,2.99,1.491,1.545,1.99,2.034,0.952,0.987,0.957,0.878,0.877,83.98966,0.0005
59,723.239303,0.23908,0.20974,1.561,183.024,3.048,3.009,1.487,1.695,2.027,2.062,0.952,0.986,0.951,0.875,0.876,83.90233,0.0005
60,711.495834,0.24377,0.20437,1.55,175.614,2.996,2.959,1.474,1.512,1.959,2.01,0.952,0.986,0.959,0.882,0.88,83.38746,0.0005
61,716.201108,0.25117,0.20216,1.524,173.522,2.977,2.954,1.456,1.518,1.956,2.011,0.954,0.987,0.958,0.883,0.88,83.93166,0.0005
62,718.048471,0.25548,0.20304,1.543,178.932,2.935,2.897,1.465,1.54,1.928,1.972,0.953,0.986,0.958,0.887,0.886,84.38704,0.0005
63,726.635845,0.26311,0.20003,1.532,168.921,2.954,2.878,1.449,1.542,1.934,1.969,0.954,0.987,0.957,0.886,0.887,84.57984,0.0005
64,722.538221,0.27145,0.1989,1.512,171.297,2.931,2.887,1.438,1.483,1.919,1.964,0.955,0.987,0.961,0.889,0.888,82.73873,0.0005
65,723.085323,0.27169,0.19515,1.481,161.577,2.878,2.865,1.422,1.461,1.895,2.001,0.957,0.988,0.962,0.891,0.882,84.64768,0.0005
66,723.784733,0.28071,0.19686,1.497,171.949,2.901,2.856,1.412,1.464,1.902,1.922,0.956,0.987,0.961,0.889,0.891,84.08491,0.0005
67,723.847208,0.28532,0.19273,1.493,164.231,2.829,2.788,1.401,1.466,1.838,1.918,0.956,0.988,0.962,0.898,0.892,83.8458,0.0005
68,716.287244,0.29023,0.19482,1.469,165.494,2.831,2.862,1.397,1.476,1.859,2.069,0.958,0.988,0.961,0.895,0.874,84.81953,0.0005
69,720.798059,0.29719,0.19016,1.456,159.962,2.804,2.754,1.384,1.442,1.828,1.861,0.958,0.989,0.963,0.899,0.898,84.21744,0.0005
70,726.792571,0.30119,0.19382,1.478,170.914,2.825,2.805,1.385,1.463,1.866,1.89,0.957,0.987,0.961,0.895,0.896,81.69048,0.0005
71,713.180646,0.30381,0.19122,1.446,168.775,2.767,2.758,1.369,1.433,1.829,1.879,0.959,0.988,0.963,0.901,0.902,82.3282,0.0005
72,712.057315,0.30964,0.19091,1.459,169.723,2.764,2.723,1.368,1.435,1.825,1.853,0.959,0.988,0.963,0.899,0.899,83.45787,0.0005
73,714.477581,0.31564,0.18407,1.424,157.149,2.735,2.638,1.353,1.408,1.762,1.8,0.96,0.989,0.965,0.906,0.905,82.30069,0.0005
74,715.203125,0.31583,0.18536,1.431,158.971,2.717,2.642,1.346,1.414,1.793,1.802,0.96,0.989,0.964,0.903,0.906,83.96957,0.0005
75,714.058947,0.31863,0.1831,1.423,158.896,2.658,2.626,1.343,1.408,1.747,1.796,0.96,0.989,0.964,0.909,0.906,82.90607,0.0005
76,713.348364,0.32208,0.18486,1.422,168.175,2.7,2.605,1.348,1.418,1.773,1.774,0.96,0.988,0.964,0.906,0.91,82.81436,0.0005
77,722.933027,0.32378,0.18275,1.444,161.889,2.647,2.582,1.333,1.443,1.739,1.765,0.96,0.988,0.963,0.911,0.911,84.40317,0.0005
78,717.027242,0.32784,0.18681,1.457,164.622,2.699,2.674,1.341,1.434,1.761,1.819,0.958,0.988,0.963,0.907,0.904,82.64244,0.0005
79,714.651143,0.33121,0.18021,1.407,158.129,2.606,2.58,1.328,1.397,1.704,1.749,0.961,0.989,0.965,0.912,0.91,82.49651,0.0005
80,724.238659,0.32797,0.1839,1.398,163.307,2.657,2.569,1.318,1.401,1.749,1.782,0.962,0.989,0.965,0.91,0.91,85.23486,0.0005
81,725.559695,0.33109,0.18056,1.413,163.862,2.592,2.583,1.319,1.382,1.689,1.758,0.961,0.988,0.966,0.914,0.91,85.31316,0.0005
82,726.979417,0.32675,0.17845,1.382,159.649,2.581,2.564,1.305,1.388,1.7,1.77,0.963,0.989,0.965,0.914,0.911,85.56544,0.0005
83,721.245288,0.33364,0.18112,1.409,159.656,2.56,2.55,1.312,1.406,1.677,1.725,0.961,0.989,0.965,0.915,0.913,85.61538,0.0005
84,722.515183,0.33101,0.17558,1.392,153.253,2.509,2.469,1.306,1.407,1.627,1.673,0.962,0.99,0.964,0.921,0.919,86.02511,0.0005
85,726.873044,0.32894,0.17953,1.392,162.153,2.592,2.59,1.308,1.386,1.693,1.731,0.962,0.988,0.966,0.914,0.912,82.50453,0.0005
86,729.306788,0.32991,0.17519,1.378,154.923,2.485,2.48,1.302,1.401,1.618,1.675,0.963,0.989,0.965,0.921,0.919,84.08231,0.0005
87,728.272665,0.33184,0.17401,1.38,147.625,2.473,2.443,1.295,1.4,1.618,1.66,0.963,0.99,0.965,0.922,0.92,84.54443,0.0005
88,728.560144,0.33128,0.17291,1.374,144.099,2.483,2.438,1.304,1.398,1.615,1.637,0.963,0.991,0.965,0.922,0.922,88.95822,0.0005
89,722.826501,0.32424,0.17501,1.381,155.846,2.477,2.487,1.291,1.386,1.62,1.666,0.963,0.989,0.966,0.921,0.919,85.08019,0.0005
90,719.746259,0.32262,0.17227,1.376,148.102,2.443,2.451,1.293,1.388,1.592,1.676,0.963,0.99,0.966,0.924,0.919,83.02732,0.0005
91,722.01191,0.32141,0.1692,1.369,150.981,2.407,2.369,1.282,1.379,1.581,1.586,0.963,0.99,0.966,0.925,0.927,84.2349,0.0005
92,726.255814,0.32584,0.17478,1.399,163.177,2.423,2.395,1.289,1.4,1.577,1.617,0.962,0.988,0.965,0.925,0.925,84.59469,0.0005
93,732.846291,0.31796,0.16947,1.367,147.374,2.396,2.397,1.28,1.389,1.561,1.625,0.964,0.99,0.966,0.928,0.923,83.47383,0.0005
94,724.893148,0.31465,0.16992,1.366,153.793,2.38,2.387,1.277,1.386,1.543,1.605,0.963,0.99,0.966,0.929,0.926,84.6298,0.0005
95,732.179646,0.31496,0.17629,1.392,165.18,2.45,2.524,1.287,1.409,1.6,1.736,0.962,0.988,0.964,0.923,0.912,82.51934,0.0005
96,736.78188,0.31207,0.16985,1.372,151.631,2.429,2.349,1.276,1.402,1.568,1.585,0.963,0.99,0.965,0.926,0.927,84.96434,0.0005
97,732.754847,0.30907,0.16413,1.363,133.407,2.345,2.321,1.276,1.398,1.522,1.566,0.964,0.992,0.965,0.931,0.929,85.69573,0.0005
98,725.743548,0.30328,0.16979,1.365,154.761,2.353,2.333,1.276,1.405,1.523,1.569,0.964,0.989,0.965,0.931,0.928,83.13816,0.0005
99,728.18575,0.30148,0.16808,1.363,150.815,2.354,2.352,1.273,1.407,1.538,1.576,0.964,0.99,0.965,0.929,0.928,80.79797,0.0005
100,721.071926,0.29863,0.16607,1.376,135.422,2.325,2.321,1.269,1.41,1.509,1.564,0.963,0.992,0.964,0.932,0.929,83.12382,0.0005
101,722.417629,0.29209,0.16866,1.368,151.607,2.33,2.303,1.278,1.454,1.52,1.572,0.963,0.99,0.962,0.931,0.93,83.54812,0.0005
102,724.309264,0.2893,0.16503,1.354,135.871,2.333,2.332,1.267,1.419,1.54,1.574,0.964,0.992,0.964,0.929,0.928,84.83758,0.0005
103,732.892895,0.28603,0.16936,1.374,158.001,2.337,2.342,1.27,1.421,1.528,1.595,0.963,0.99,0.964,0.931,0.927,82.55268,0.0005
104,739.237203,0.28119,0.16949,1.359,167.493,2.327,2.3,1.27,1.413,1.527,1.551,0.964,0.989,0.964,0.931,0.932,83.0042,0.0005
105,725.7886,0.27914,0.16848,1.367,163.102,2.354,2.341,1.276,1.424,1.531,1.594,0.964,0.989,0.964,0.93,0.927,82.49936,0.0005
106,719.148747,0.28259,0.16158,1.35,132.023,2.288,2.25,1.268,1.422,1.482,1.516,0.965,0.992,0.964,0.934,0.933,84.02635,0.0005
107,721.556538,0.26959,0.16532,1.355,152.43,2.35,2.284,1.265,1.416,1.516,1.541,0.964,0.99,0.964,0.931,0.931,83.02987,0.0005
108,720.79067,0.27117,0.16411,1.357,137.526,2.298,2.269,1.269,1.425,1.489,1.532,0.964,0.992,0.964,0.934,0.932,83.25201,0.0005
109,719.843124,0.26274,0.167,1.356,144.957,2.354,2.359,1.278,1.416,1.528,1.616,0.964,0.991,0.964,0.93,0.924,85.72912,0.0005
110,723.504808,0.25691,0.16332,1.354,145.718,2.28,2.234,1.267,1.396,1.49,1.53,0.964,0.991,0.965,0.934,0.932,84.58471,0.0005
111,720.765033,0.25306,0.16429,1.342,142.281,2.292,2.286,1.27,1.392,1.51,1.548,0.965,0.991,0.965,0.932,0.931,82.84358,0.0005
112,717.873945,0.25049,0.15921,1.308,127.733,2.243,2.213,1.268,1.392,1.46,1.49,0.967,0.993,0.965,0.936,0.936,82.88032,0.0005
113,709.915536,0.24217,0.16545,1.333,166.026,2.248,2.223,1.267,1.378,1.459,1.507,0.965,0.988,0.966,0.937,0.935,83.28544,0.0005
114,715.305934,0.23798,0.16072,1.303,133.029,2.241,2.214,1.273,1.385,1.469,1.49,0.967,0.992,0.966,0.936,0.936,81.99024,0.0005
115,708.962206,0.23319,0.16345,1.327,151.154,2.266,2.244,1.272,1.407,1.481,1.524,0.966,0.99,0.965,0.935,0.933,83.81071,0.0005
116,841.70989,0.2288,0.16022,1.307,139.827,2.253,2.23,1.274,1.377,1.47,1.507,0.967,0.992,0.966,0.935,0.934,82.72631,0.0005
117,708.349844,0.22868,0.16097,1.298,133.32,2.235,2.207,1.28,1.421,1.464,1.486,0.967,0.992,0.964,0.936,0.936,81.0147,0.0005
118,707.256145,0.22193,0.16535,1.323,145.026,2.279,2.264,1.281,1.456,1.489,1.542,0.966,0.991,0.963,0.934,0.931,80.96579,0.0005
119,710.812546,0.2147,0.16024,1.288,135.045,2.21,2.175,1.277,1.389,1.435,1.464,0.968,0.992,0.965,0.939,0.938,82.27854,0.0005
120,708.050412,0.20662,0.15501,1.263,121.892,2.195,2.174,1.278,1.344,1.43,1.46,0.969,0.993,0.968,0.939,0.938,82.58516,0.0005
121,712.849202,0.2032,0.15849,1.284,134.834,2.223,2.238,1.286,1.352,1.455,1.539,0.968,0.992,0.968,0.937,0.932,82.53924,0.0005
122,709.008128,0.20029,0.15958,1.265,132.95,2.203,2.177,1.284,1.379,1.442,1.468,0.969,0.993,0.966,0.938,0.938,82.00912,0.0005
123,713.683087,0.19581,0.15687,1.279,132.852,2.216,2.19,1.294,1.352,1.446,1.475,0.968,0.992,0.967,0.938,0.937,80.7099,0.0005
124,711.873035,0.19078,0.16073,1.324,142.949,2.22,2.238,1.3,1.357,1.458,1.519,0.967,0.991,0.967,0.937,0.933,81.72459,0.0005
125,709.135385,0.18548,0.15873,1.262,132.74,2.206,2.201,1.292,1.338,1.443,1.472,0.969,0.992,0.968,0.938,0.937,81.00034,0.0005
126,712.245198,0.18183,0.15787,1.264,124.901,2.22,2.193,1.298,1.405,1.441,1.477,0.969,0.994,0.965,0.938,0.937,81.14161,0.0005
127,711.158528,0.17701,0.15669,1.272,121.348,2.194,2.167,1.308,1.351,1.431,1.461,0.969,0.994,0.967,0.939,0.938,81.64828,0.0005
128,712.40061,0.17166,0.15693,1.267,121.45,2.203,2.182,1.296,1.325,1.435,1.466,0.969,0.994,0.969,0.939,0.938,81.02586,0.0005
129,715.440103,0.16811,0.15365,1.269,115.429,2.179,2.152,1.296,1.386,1.415,1.447,0.969,0.994,0.966,0.94,0.939,82.98677,0.0005
130,714.401077,0.16384,0.15818,1.286,135.31,2.195,2.171,1.288,1.393,1.427,1.472,0.968,0.992,0.965,0.939,0.937,82.9122,0.0005
131,707.461745,0.15873,0.15565,1.245,128.821,2.205,2.181,1.29,1.349,1.433,1.468,0.97,0.993,0.968,0.939,0.938,82.20233,0.0005
132,708.229601,0.15647,0.15358,1.286,115.563,2.179,2.153,1.289,1.32,1.428,1.452,0.968,0.994,0.969,0.939,0.939,79.75542,0.0005
133,707.534562,0.15281,0.15982,1.267,135.602,2.209,2.167,1.283,1.33,1.433,1.457,0.969,0.992,0.968,0.939,0.939,81.96964,0.0005
134,715.726925,0.1503,0.15253,1.208,115.837,2.178,2.15,1.286,1.354,1.416,1.445,0.972,0.994,0.968,0.94,0.94,81.72699,0.0005
135,714.341493,0.14615,0.15473,1.217,121.909,2.188,2.159,1.278,1.335,1.425,1.456,0.971,0.994,0.968,0.94,0.939,81.66487,0.0005
136,713.325119,0.14421,0.1539,1.246,117.799,2.179,2.155,1.268,1.301,1.421,1.454,0.97,0.994,0.97,0.94,0.94,81.33373,0.0005
137,714.454716,0.14124,0.15402,1.213,116.973,2.179,2.15,1.279,1.431,1.416,1.45,0.971,0.994,0.964,0.94,0.939,82.58492,0.0005
138,713.279156,0.13728,0.15132,1.25,112.32,2.181,2.161,1.272,1.296,1.415,1.452,0.97,0.994,0.97,0.94,0.939,82.7584,0.0005
139,718.528237,0.1364,0.15227,1.21,111.451,2.185,2.164,1.263,1.323,1.418,1.458,0.972,0.995,0.969,0.94,0.938,82.2791,0.0005
140,711.985714,0.13457,0.15311,1.192,122.982,2.182,2.15,1.257,1.308,1.414,1.445,0.972,0.993,0.97,0.94,0.94,82.0017,0.0005
141,713.194189,0.13533,0.15166,1.235,116.675,2.19,2.17,1.254,1.316,1.425,1.459,0.97,0.994,0.969,0.94,0.939,81.58609,0.0005
142,712.449816,0.13416,0.15304,1.226,115.156,2.197,2.173,1.251,1.32,1.427,1.46,0.971,0.994,0.969,0.939,0.938,82.12556,0.0005
143,714.054621,0.13287,0.1533,1.233,120.755,2.196,2.168,1.246,1.299,1.424,1.457,0.971,0.994,0.97,0.94,0.939,82.02789,0.0005
144,715.624936,0.13283,0.15077,1.266,110.912,2.199,2.17,1.249,1.278,1.422,1.454,0.969,0.995,0.971,0.94,0.939,81.51375,0.0005
145,713.818901,0.13312,0.15042,1.196,113.855,2.199,2.172,1.249,1.306,1.427,1.46,0.972,0.994,0.97,0.939,0.939,81.52532,0.0005
146,715.275516,0.13405,0.14995,1.244,112.601,2.2,2.172,1.241,1.298,1.424,1.456,0.97,0.994,0.971,0.94,0.939,80.30573,0.0005
147,710.388998,0.13339,0.14875,1.177,110.427,2.201,2.175,1.231,1.251,1.425,1.46,0.973,0.995,0.972,0.94,0.939,82.78974,0.0005
148,723.118781,0.13475,0.15148,1.202,120.75,2.201,2.175,1.227,1.284,1.423,1.458,0.972,0.994,0.97,0.94,0.939,80.80721,0.0005
149,712.582296,0.13825,0.14926,1.202,111.982,2.205,2.176,1.233,1.262,1.425,1.458,0.972,0.995,0.972,0.94,0.939,81.925,0.0005
150,714.32905,0.14002,0.14903,1.191,109.901,2.207,2.178,1.228,1.277,1.424,1.459,0.973,0.995,0.971,0.939,0.939,82.22688,0.0005
151,711.50263,0.14244,0.14877,1.183,106.304,2.209,2.178,1.224,1.325,1.429,1.459,0.973,0.995,0.97,0.939,0.938,81.71983,0.0005
152,715.032591,0.1448,0.14784,1.173,104.5,2.208,2.177,1.228,1.233,1.427,1.46,0.973,0.995,0.973,0.939,0.939,81.56699,0.0005
153,714.987543,0.14977,0.14866,1.207,108.218,2.212,2.191,1.22,1.258,1.431,1.466,0.972,0.995,0.972,0.939,0.938,82.3088,0.0005
154,715.756393,0.15343,0.14798,1.194,108.043,2.21,2.177,1.215,1.259,1.428,1.456,0.973,0.995,0.972,0.939,0.939,81.90041,0.0005
155,717.021121,0.1577,0.1473,1.181,107.381,2.209,2.178,1.211,1.232,1.427,1.456,0.973,0.995,0.973,0.939,0.939,83.17749,0.0005
156,711.713135,0.16153,0.14708,1.169,104.259,2.209,2.18,1.216,1.242,1.428,1.468,0.973,0.995,0.972,0.939,0.938,83.06076,0.0005
157,718.229913,0.16644,0.14909,1.184,110.211,2.216,2.186,1.21,1.255,1.429,1.461,0.973,0.995,0.972,0.939,0.938,83.74411,0.0005
158,723.263023,0.17106,0.14934,1.195,112.678,2.24,2.25,1.211,1.225,1.466,1.527,0.972,0.994,0.973,0.936,0.933,81.92063,0.0005
159,721.33116,0.17638,0.1463,1.159,105.548,2.205,2.184,1.202,1.201,1.427,1.464,0.974,0.995,0.974,0.939,0.938,84.70407,0.0005
160,721.503009,0.18313,0.15256,1.181,120.431,2.253,2.259,1.21,1.227,1.465,1.525,0.973,0.994,0.973,0.936,0.933,83.54692,0.0005
161,755.136385,0.18954,0.14663,1.168,107.124,2.205,2.177,1.203,1.203,1.436,1.461,0.974,0.995,0.974,0.939,0.938,88.33085,0.0005
162,722.902098,0.19353,0.14761,1.17,109.144,2.207,2.175,1.213,1.217,1.427,1.459,0.973,0.995,0.974,0.94,0.939,82.72035,0.0005
163,730.760757,0.19869,0.14632,1.153,107.009,2.195,2.168,1.191,1.218,1.419,1.456,0.974,0.995,0.974,0.94,0.939,82.05654,0.0005
164,720.881504,0.20454,0.15011,1.184,113.888,2.24,2.254,1.216,1.223,1.465,1.546,0.973,0.994,0.973,0.936,0.932,81.29355,0.0005
165,723.499795,0.21197,0.14716,1.157,111.859,2.205,2.178,1.194,1.202,1.424,1.457,0.974,0.994,0.974,0.94,0.939,83.12623,0.0005
166,721.14927,0.2149,0.14772,1.162,110.802,2.258,2.19,1.204,1.218,1.476,1.487,0.974,0.995,0.974,0.935,0.937,83.37779,0.0005
167,721.495452,0.2257,0.14862,1.175,111.725,2.237,2.188,1.199,1.2,1.461,1.469,0.973,0.995,0.974,0.937,0.938,83.06234,0.0005
168,720.103334,0.22652,0.14672,1.16,106.269,2.198,2.185,1.194,1.201,1.447,1.482,0.974,0.995,0.974,0.938,0.937,84.70261,0.0005
169,726.132695,0.23227,0.14859,1.163,109.636,2.198,2.21,1.199,1.199,1.438,1.495,0.974,0.995,0.974,0.939,0.936,83.66781,0.0005
170,726.127857,0.23912,0.15106,1.174,119.751,2.251,2.231,1.196,1.238,1.455,1.493,0.973,0.994,0.973,0.937,0.937,84.08162,0.0005
171,723.003419,0.24413,0.14758,1.179,111.513,2.191,2.197,1.194,1.218,1.431,1.485,0.973,0.995,0.973,0.939,0.936,84.0248,0.0005
172,723.307336,0.24922,0.15111,1.189,119.273,2.28,2.218,1.206,1.209,1.496,1.507,0.973,0.994,0.974,0.933,0.934,84.96227,0.0005
173,721.017495,0.25533,0.15103,1.189,123.92,2.213,2.22,1.193,1.234,1.431,1.504,0.973,0.993,0.973,0.939,0.935,82.39461,0.0005
174,718.498439,0.25657,0.1489,1.176,115.508,2.223,2.208,1.194,1.193,1.443,1.492,0.973,0.994,0.975,0.938,0.936,83.46787,0.0005
175,718.591538,0.2581,0.14884,1.161,115.917,2.201,2.183,1.18,1.205,1.422,1.458,0.974,0.994,0.974,0.94,0.939,80.50607,0.0005
176,722.915773,0.26298,0.14917,1.17,117.361,2.218,2.221,1.186,1.197,1.464,1.508,0.973,0.994,0.974,0.936,0.935,82.72578,0.0005
177,736.934814,0.26453,0.15165,1.208,119.914,2.256,2.218,1.2,1.242,1.486,1.509,0.972,0.994,0.973,0.934,0.934,83.88252,0.0005
178,728.219648,0.26962,0.1502,1.177,121.018,2.222,2.209,1.184,1.2,1.44,1.486,0.973,0.994,0.974,0.938,0.936,84.05827,0.0005
179,727.327061,0.27311,0.14897,1.171,116.089,2.206,2.168,1.186,1.211,1.445,1.455,0.973,0.994,0.974,0.938,0.939,84.74742,0.0005
180,720.438178,0.27273,0.14702,1.167,112.114,2.165,2.159,1.181,1.195,1.405,1.434,0.974,0.994,0.975,0.941,0.941,84.0249,0.0005
181,729.744678,0.27357,0.14866,1.171,117.109,2.194,2.176,1.182,1.197,1.433,1.458,0.973,0.994,0.974,0.939,0.939,84.14567,0.0005
182,734.698311,0.27711,0.14611,1.162,113.712,2.157,2.128,1.181,1.19,1.391,1.425,0.974,0.994,0.975,0.942,0.941,84.07064,0.0005
183,729.16115,0.27488,0.14703,1.173,113.383,2.166,2.129,1.186,1.199,1.407,1.424,0.973,0.994,0.974,0.941,0.942,83.5002,0.0005
184,720.75448,0.28137,0.14669,1.177,112.662,2.151,2.146,1.187,1.218,1.402,1.456,0.973,0.994,0.974,0.942,0.939,84.50967,0.0005
185,716.272182,0.27693,0.15117,1.186,124.747,2.208,2.219,1.2,1.207,1.429,1.474,0.973,0.993,0.974,0.939,0.938,82.99647,0.0005
186,719.514084,0.27993,0.15006,1.178,122.552,2.183,2.209,1.185,1.206,1.428,1.489,0.973,0.993,0.974,0.939,0.936,82.83233,0.0005
187,724.17775,0.28106,0.15231,1.192,128.673,2.206,2.223,1.189,1.211,1.434,1.506,0.972,0.993,0.974,0.939,0.934,84.96472,0.0005
188,718.700151,0.2814,0.1484,1.181,119.725,2.202,2.198,1.185,1.206,1.428,1.478,0.973,0.994,0.974,0.939,0.937,82.65272,0.0005
189,715.231283,0.27435,0.14689,1.164,115.869,2.148,2.126,1.181,1.206,1.398,1.424,0.974,0.994,0.974,0.942,0.941,83.65111,0.0005
190,725.660772,0.2763,0.14573,1.168,115.289,2.149,2.116,1.177,1.206,1.394,1.41,0.974,0.994,0.974,0.942,0.943,84.2392,0.0005
191,722.698299,0.27699,0.14837,1.185,118.166,2.174,2.152,1.178,1.216,1.418,1.459,0.973,0.994,0.974,0.941,0.94,84.82009,0.0005
192,717.310971,0.27433,0.14514,1.175,110.14,2.133,2.128,1.179,1.212,1.39,1.431,0.973,0.995,0.974,0.943,0.941,82.90906,0.0005
193,718.433361,0.2713,0.1465,1.173,116.754,2.139,2.119,1.182,1.216,1.402,1.427,0.973,0.994,0.974,0.942,0.941,83.44778,0.0005
194,718.557207,0.26769,0.15293,1.2,132.328,2.196,2.229,1.186,1.23,1.432,1.52,0.972,0.992,0.973,0.939,0.933,83.46259,0.0005
195,730.148688,0.27347,0.14515,1.171,113.076,2.104,2.075,1.184,1.22,1.374,1.395,0.973,0.994,0.973,0.944,0.944,81.80228,0.0005
196,712.885897,0.2662,0.14401,1.165,110.796,2.108,2.077,1.172,1.217,1.356,1.387,0.974,0.995,0.974,0.945,0.945,81.94474,0.0005
197,719.65782,0.26299,0.14638,1.17,121.246,2.127,2.095,1.177,1.223,1.378,1.417,0.973,0.994,0.973,0.944,0.942,82.53137,0.0005
198,736.968126,0.24503,0.13749,1.143,99.552,2.03,2.008,1.162,1.204,1.31,1.338,0.975,0.996,0.974,0.949,0.949,89.27869,0.00025
199,734.208409,0.24285,0.13823,1.141,100.574,2.032,2.007,1.163,1.204,1.309,1.339,0.975,0.996,0.974,0.949,0.948,83.70725,0.00025
200,735.725741,0.23883,0.13621,1.139,96.212,2.021,1.998,1.162,1.203,1.301,1.331,0.975,0.996,0.974,0.95,0.949,86.15516,0.00025
201,714.31266,0.23645,0.13734,1.139,98.34,2.029,2.009,1.163,1.205,1.309,1.34,0.975,0.996,0.974,0.949,0.948,81.0427,0.00025
202,815.693694,0.23475,0.13829,1.14,107.395,2.024,1.996,1.162,1.205,1.304,1.332,0.975,0.995,0.974,0.95,0.949,85.51044,0.00025
203,742.903592,0.23101,0.13702,1.136,98.955,2.022,1.994,1.162,1.204,1.304,1.329,0.975,0.996,0.974,0.95,0.949,85.31309,0.00025
204,723.74905,0.22836,0.13876,1.137,103.554,2.022,2.004,1.164,1.203,1.305,1.339,0.975,0.995,0.974,0.95,0.948,86.15764,0.00025
205,728.192527,0.22681,0.13739,1.139,98.625,2.019,1.994,1.164,1.202,1.3,1.332,0.975,0.996,0.974,0.95,0.949,85.65357,0.00025
206,717.070899,0.22233,0.13868,1.137,107.564,2.014,1.993,1.164,1.2,1.3,1.333,0.975,0.995,0.974,0.95,0.949,83.20129,0.00025
207,717.766613,0.21945,0.13745,1.137,99.583,2.026,1.998,1.166,1.202,1.309,1.337,0.975,0.996,0.974,0.949,0.949,81.02225,0.00025
208,713.773282,0.2159,0.13759,1.133,101.767,2.019,2.007,1.166,1.199,1.304,1.345,0.975,0.995,0.974,0.95,0.948,81.11545,0.00025
209,718.060014,0.21331,0.1383,1.135,106.572,2.02,2.007,1.167,1.199,1.305,1.345,0.975,0.995,0.974,0.949,0.948,78.78658,0.00025
210,724.426788,0.20876,0.13801,1.132,98.269,2.025,1.992,1.168,1.198,1.308,1.329,0.975,0.996,0.974,0.949,0.949,81.30961,0.00025
211,718.052191,0.20635,0.1378,1.131,101.59,2.019,1.999,1.171,1.195,1.301,1.335,0.975,0.996,0.975,0.95,0.949,81.07645,0.00025
212,711.038744,0.20094,0.13653,1.124,99.257,2.008,1.982,1.168,1.194,1.296,1.323,0.975,0.996,0.975,0.95,0.95,84.05446,0.00025
213,713.762667,0.19763,0.13775,1.126,107.337,2.013,1.994,1.173,1.189,1.298,1.334,0.975,0.995,0.975,0.95,0.949,82.6984,0.00025
214,715.610538,0.19495,0.14052,1.124,109.784,2.032,1.999,1.171,1.193,1.316,1.341,0.976,0.995,0.975,0.949,0.949,81.94182,0.00025
215,715.065028,0.19105,0.13982,1.124,108.887,2.016,2.0,1.174,1.189,1.304,1.336,0.976,0.995,0.975,0.95,0.949,80.95455,0.00025
216,724.453966,0.18564,0.13557,1.112,98.516,2.003,1.979,1.173,1.182,1.292,1.322,0.976,0.996,0.975,0.951,0.95,78.60036,0.00025
217,712.54596,0.18298,0.13626,1.113,96.639,2.009,1.979,1.177,1.184,1.296,1.323,0.976,0.996,0.975,0.95,0.95,82.07969,0.00025
218,713.284425,0.17862,0.13689,1.114,98.5,2.005,1.985,1.175,1.187,1.295,1.33,0.976,0.996,0.975,0.95,0.949,82.23147,0.00025
219,711.410967,0.17553,0.13755,1.109,102.146,2.01,1.986,1.18,1.178,1.296,1.326,0.976,0.995,0.975,0.95,0.949,79.88606,0.00025
220,716.82854,0.17055,0.1382,1.112,106.552,2.011,1.992,1.179,1.18,1.302,1.331,0.976,0.995,0.975,0.95,0.95,79.48304,0.00025
221,723.819609,0.16686,0.1369,1.113,100.707,1.996,1.974,1.18,1.189,1.289,1.319,0.976,0.996,0.975,0.951,0.95,82.63615,0.00025
222,707.774767,0.16291,0.13935,1.144,110.619,2.025,2.009,1.182,1.179,1.314,1.351,0.975,0.995,0.975,0.95,0.949,79.33445,0.00025
223,707.339586,0.15891,0.13738,1.114,100.51,2.007,1.989,1.183,1.172,1.301,1.331,0.976,0.996,0.975,0.95,0.949,81.57039,0.00025
224,722.204032,0.15496,0.1365,1.114,100.441,1.998,1.976,1.182,1.17,1.292,1.322,0.976,0.996,0.976,0.951,0.95,83.23053,0.00025
225,720.997791,0.15276,0.13584,1.103,95.808,1.998,1.975,1.184,1.176,1.29,1.32,0.976,0.996,0.975,0.951,0.95,85.01313,0.00025
226,734.024637,0.14766,0.13887,1.108,104.671,2.003,1.979,1.187,1.17,1.292,1.322,0.976,0.995,0.976,0.951,0.95,84.9776,0.00025
227,726.357329,0.14506,0.13694,1.1,98.887,2.006,1.982,1.188,1.171,1.292,1.32,0.977,0.996,0.976,0.95,0.95,86.62573,0.00025
228,714.395035,0.14097,0.13557,1.093,95.681,1.994,1.972,1.185,1.181,1.287,1.318,0.977,0.996,0.975,0.951,0.95,84.54398,0.00025
229,720.353375,0.13754,0.13794,1.095,104.8,2.002,1.979,1.182,1.167,1.294,1.326,0.977,0.995,0.976,0.951,0.95,85.78219,0.00025
230,713.409319,0.1351,0.13691,1.094,98.365,2.004,1.987,1.181,1.176,1.294,1.326,0.977,0.996,0.975,0.95,0.95,83.08886,0.00025
231,720.962848,0.13121,0.13653,1.099,98.482,2.002,1.98,1.179,1.158,1.292,1.323,0.977,0.996,0.976,0.951,0.95,85.16441,0.00025
232,722.758823,0.12798,0.13641,1.093,96.519,2.004,1.982,1.178,1.156,1.294,1.324,0.977,0.996,0.976,0.951,0.95,85.67631,0.00025
233,712.760652,0.12558,0.13684,1.107,104.49,2.001,1.978,1.178,1.153,1.288,1.32,0.976,0.995,0.976,0.951,0.95,85.39792,0.00025
234,716.679276,0.1238,0.13551,1.105,97.168,2.0,1.977,1.177,1.153,1.289,1.318,0.976,0.996,0.976,0.951,0.95,83.58589,0.00025
235,716.256958,0.12081,0.13585,1.08,97.515,2.001,1.978,1.176,1.145,1.29,1.321,0.977,0.996,0.977,0.951,0.95,80.95243,0.00025
236,707.219484,0.11782,0.13388,1.079,91.78,1.997,1.974,1.171,1.153,1.287,1.316,0.977,0.996,0.976,0.951,0.95,80.38184,0.00025
237,711.171405,0.11784,0.13544,1.088,95.976,2.004,1.984,1.17,1.157,1.29,1.32,0.977,0.996,0.976,0.951,0.95,79.22366,0.00025
238,708.393655,0.11736,0.13516,1.084,94.738,2.007,1.984,1.168,1.155,1.293,1.322,0.977,0.996,0.976,0.95,0.95,80.39213,0.00025
239,709.867777,0.11591,0.1355,1.08,94.094,2.011,1.988,1.166,1.158,1.297,1.325,0.977,0.996,0.976,0.95,0.95,81.69929,0.00025
240,714.512999,0.11472,0.13422,1.084,92.821,2.009,1.985,1.169,1.139,1.295,1.323,0.977,0.996,0.977,0.95,0.95,81.07253,0.00025
241,728.482713,0.11466,0.13462,1.082,93.256,2.013,1.989,1.164,1.14,1.297,1.326,0.977,0.996,0.977,0.95,0.95,81.92835,0.00025
242,710.948761,0.11382,0.13482,1.115,98.169,2.012,1.987,1.16,1.153,1.295,1.324,0.976,0.996,0.976,0.95,0.95,81.4419,0.00025
243,712.735455,0.11445,0.13498,1.089,94.855,2.019,1.995,1.162,1.155,1.301,1.327,0.977,0.996,0.976,0.95,0.949,81.69325,0.00025
244,717.734949,0.11537,0.13393,1.076,91.399,2.019,1.995,1.159,1.15,1.301,1.33,0.978,0.996,0.976,0.95,0.949,82.38805,0.00025
245,713.85346,0.11718,0.13499,1.079,93.793,2.028,2.004,1.156,1.148,1.307,1.335,0.977,0.996,0.976,0.949,0.949,82.90354,0.00025
246,719.457418,0.11805,0.1365,1.091,97.854,2.032,2.004,1.16,1.136,1.306,1.336,0.977,0.996,0.977,0.949,0.949,80.35053,0.00025
247,718.043992,0.11999,0.13528,1.075,93.412,2.03,2.002,1.153,1.138,1.302,1.331,0.978,0.996,0.977,0.95,0.949,80.35343,0.00025
248,707.229144,0.12272,0.13481,1.075,93.737,2.03,2.006,1.153,1.124,1.304,1.335,0.978,0.996,0.977,0.95,0.949,81.03249,0.00025
249,709.21585,0.12431,0.13397,1.074,92.649,2.029,2.004,1.149,1.158,1.303,1.331,0.978,0.996,0.976,0.95,0.949,79.90821,0.00025
250,710.434717,0.12749,0.13499,1.082,100.03,2.031,2.004,1.146,1.123,1.303,1.331,0.977,0.996,0.977,0.95,0.949,80.60314,0.00025
251,707.069971,0.13027,0.13328,1.074,90.96,2.029,2.004,1.145,1.14,1.302,1.331,0.978,0.996,0.977,0.95,0.949,82.94177,0.00025
252,718.099208,0.13437,0.13341,1.069,91.0,2.032,2.008,1.15,1.131,1.306,1.334,0.978,0.996,0.977,0.949,0.949,80.28318,0.00025
253,721.830769,0.13839,0.13433,1.072,94.491,2.031,2.006,1.143,1.116,1.305,1.333,0.978,0.996,0.978,0.949,0.949,83.66724,0.00025
254,716.589214,0.14369,0.13359,1.075,92.448,2.034,2.011,1.144,1.117,1.305,1.335,0.978,0.996,0.978,0.949,0.949,85.46286,0.00025
255,715.810545,0.14579,0.1333,1.075,90.122,2.027,2.002,1.144,1.168,1.301,1.329,0.978,0.996,0.976,0.95,0.949,84.34161,0.00025
256,756.905539,0.15063,0.1329,1.064,89.994,2.026,2.0,1.149,1.125,1.302,1.33,0.978,0.996,0.977,0.95,0.949,83.91352,0.00025
257,710.429313,0.15575,0.13456,1.085,94.204,2.032,2.007,1.146,1.122,1.306,1.338,0.977,0.996,0.978,0.949,0.949,80.412,0.00025
258,716.175094,0.16038,0.13309,1.073,93.046,2.028,2.009,1.137,1.116,1.304,1.337,0.978,0.996,0.978,0.95,0.949,82.33734,0.00025
259,711.481773,0.16537,0.13283,1.073,90.441,2.02,1.997,1.137,1.129,1.296,1.326,0.978,0.996,0.978,0.95,0.949,83.89856,0.00025
260,723.277139,0.17212,0.13286,1.08,92.931,2.024,1.999,1.136,1.11,1.298,1.329,0.977,0.996,0.978,0.95,0.949,85.77492,0.00025
261,723.929618,0.17698,0.13303,1.071,91.228,2.022,1.996,1.138,1.109,1.298,1.328,0.978,0.996,0.978,0.95,0.949,85.21524,0.00025
262,713.234195,0.18205,0.13298,1.066,91.415,2.024,1.995,1.137,1.131,1.303,1.328,0.978,0.996,0.977,0.95,0.949,79.34153,0.00025
263,721.008572,0.18682,0.13376,1.073,94.827,2.033,2.028,1.138,1.102,1.309,1.351,0.978,0.996,0.978,0.949,0.947,81.88775,0.00025
264,722.41092,0.19485,0.13713,1.085,99.163,2.056,2.06,1.146,1.129,1.33,1.385,0.977,0.996,0.977,0.947,0.945,81.54566,0.00025
265,716.482661,0.20061,0.13455,1.078,94.941,2.038,2.012,1.137,1.129,1.313,1.342,0.978,0.996,0.977,0.949,0.948,83.48177,0.00025
266,714.002685,0.20115,0.13231,1.067,91.856,2.013,1.994,1.133,1.1,1.293,1.332,0.978,0.996,0.978,0.95,0.949,83.05367,0.00025
267,715.466717,0.20706,0.13276,1.065,92.093,2.026,1.991,1.128,1.105,1.306,1.327,0.978,0.996,0.978,0.949,0.949,82.61738,0.00025
268,714.380485,0.21462,0.13421,1.072,94.397,2.04,2.018,1.137,1.112,1.315,1.35,0.978,0.996,0.978,0.949,0.948,81.83175,0.00025
269,718.172624,0.21639,0.13311,1.074,93.006,2.028,1.994,1.136,1.12,1.302,1.328,0.978,0.996,0.978,0.95,0.95,80.45311,0.00025
270,707.759033,0.22229,0.13436,1.078,94.672,2.028,2.008,1.136,1.124,1.318,1.336,0.977,0.996,0.978,0.949,0.949,80.1975,0.00025
271,718.620347,0.22427,0.1325,1.07,93.369,2.01,2.0,1.129,1.101,1.297,1.329,0.978,0.996,0.978,0.95,0.949,81.67514,0.00025
272,719.424782,0.22941,0.13639,1.089,99.319,2.069,2.044,1.132,1.119,1.34,1.359,0.977,0.996,0.978,0.947,0.947,83.40853,0.00025
273,718.600461,0.23205,0.13376,1.083,95.914,2.019,2.01,1.133,1.106,1.298,1.336,0.977,0.996,0.978,0.95,0.949,85.43479,0.00025
274,720.320593,0.23674,0.13466,1.082,96.767,2.036,2.014,1.139,1.115,1.312,1.361,0.977,0.996,0.978,0.949,0.948,83.8002,0.00025
275,724.573854,0.24109,0.13969,1.103,107.442,2.091,2.098,1.137,1.129,1.365,1.402,0.976,0.995,0.977,0.945,0.943,85.03371,0.00025
276,723.835387,0.24315,0.13388,1.078,96.723,2.015,2.007,1.129,1.111,1.297,1.338,0.978,0.996,0.978,0.95,0.949,83.9017,0.00025
277,725.403426,0.24426,0.13338,1.079,94.574,2.02,2.013,1.13,1.108,1.302,1.336,0.977,0.996,0.978,0.95,0.949,85.47395,0.00025
278,731.123324,0.24537,0.13486,1.084,97.79,2.046,2.015,1.137,1.112,1.321,1.351,0.977,0.996,0.978,0.948,0.948,82.2316,0.00025
279,718.257876,0.24811,0.13337,1.082,94.666,2.006,1.986,1.133,1.109,1.285,1.327,0.977,0.996,0.978,0.951,0.949,85.24377,0.00025
280,719.752182,0.24788,0.13335,1.079,95.854,2.013,1.989,1.128,1.109,1.295,1.327,0.977,0.996,0.978,0.95,0.95,83.77143,0.00025
281,720.275784,0.24849,0.13381,1.08,96.016,2.008,1.983,1.129,1.11,1.296,1.323,0.977,0.996,0.978,0.95,0.95,82.71551,0.00025
282,728.019012,0.25332,0.13399,1.085,96.505,2.006,1.979,1.129,1.119,1.3,1.326,0.977,0.996,0.978,0.95,0.95,85.8666,0.00025
283,724.078194,0.25238,0.13379,1.082,96.854,2.014,1.984,1.131,1.117,1.289,1.319,0.977,0.996,0.978,0.951,0.95,85.95818,0.00025
284,724.775928,0.2529,0.13725,1.1,102.093,2.047,2.021,1.136,1.121,1.339,1.367,0.977,0.995,0.978,0.947,0.947,84.94064,0.00025
285,722.136899,0.25497,0.13392,1.088,98.423,2.008,1.999,1.13,1.119,1.297,1.336,0.977,0.996,0.978,0.95,0.949,85.10542,0.00025
286,728.603307,0.25232,0.13724,1.093,104.508,2.04,2.012,1.132,1.125,1.315,1.351,0.977,0.995,0.977,0.949,0.948,85.23869,0.00025
287,728.331951,0.2555,0.13497,1.093,97.97,2.04,1.996,1.134,1.127,1.305,1.337,0.977,0.996,0.977,0.95,0.95,81.90618,0.00025
288,736.091393,0.25177,0.14046,1.116,111.278,2.07,2.083,1.137,1.134,1.347,1.411,0.976,0.995,0.977,0.948,0.946,86.08015,0.00025
289,734.727481,0.25055,0.13298,1.09,96.158,1.994,1.968,1.132,1.123,1.283,1.314,0.977,0.996,0.978,0.951,0.95,83.59132,0.00025
290,722.598105,0.24884,0.13282,1.085,94.188,1.988,1.962,1.136,1.126,1.288,1.314,0.977,0.996,0.977,0.951,0.951,85.00052,0.00025
291,722.75328,0.24824,0.13434,1.093,97.91,2.018,1.975,1.131,1.133,1.304,1.322,0.977,0.996,0.977,0.95,0.95,85.71956,0.00025
292,734.671873,0.24577,0.13325,1.089,96.573,1.994,1.965,1.13,1.129,1.28,1.31,0.977,0.996,0.977,0.951,0.951,86.60536,0.00025
293,728.683527,0.24772,0.13464,1.09,98.913,2.012,1.97,1.131,1.136,1.305,1.322,0.977,0.996,0.977,0.95,0.95,83.79053,0.00025
294,729.197043,0.24809,0.13494,1.1,98.4,2.003,1.994,1.136,1.138,1.294,1.339,0.977,0.996,0.977,0.95,0.948,85.45279,0.00025
295,721.039691,0.24174,0.13237,1.086,95.65,1.971,1.95,1.13,1.134,1.269,1.299,0.977,0.996,0.977,0.952,0.952,86.47838,0.00025
296,729.038746,0.24204,0.13786,1.104,106.904,2.02,2.02,1.137,1.145,1.304,1.354,0.976,0.995,0.977,0.95,0.948,81.61841,0.00025
297,722.529013,0.23682,0.13325,1.087,96.79,1.998,1.963,1.131,1.136,1.279,1.309,0.977,0.996,0.977,0.952,0.951,82.5261,0.00025
298,720.271203,0.23609,0.13429,1.094,99.312,1.982,1.957,1.132,1.142,1.277,1.304,0.977,0.996,0.977,0.952,0.951,81.94021,0.00025
299,715.004467,0.23257,0.1364,1.093,109.359,1.99,1.956,1.132,1.149,1.298,1.309,0.977,0.995,0.976,0.951,0.951,81.9004,0.00025
300,725.231777,0.2334,0.13519,1.096,102.128,1.985,1.959,1.133,1.146,1.278,1.306,0.977,0.995,0.977,0.952,0.951,82.42383,0.00025
301,727.971278,0.231,0.13498,1.098,102.979,1.987,1.96,1.133,1.146,1.281,1.308,0.977,0.995,0.977,0.952,0.951,82.93125,0.00025
302,724.895089,0.22414,0.1336,1.087,99.19,1.988,1.943,1.135,1.141,1.288,1.299,0.977,0.996,0.977,0.951,0.952,82.49548,0.00025
303,721.279291,0.22341,0.1343,1.096,100.616,1.989,1.983,1.135,1.145,1.284,1.326,0.977,0.996,0.977,0.951,0.949,81.50595,0.00025
304,719.380332,0.22038,0.13336,1.089,102.686,1.961,1.937,1.133,1.143,1.264,1.292,0.977,0.995,0.977,0.953,0.952,82.54908,0.00025
305,721.09307,0.21663,0.13789,1.091,108.911,1.973,1.968,1.137,1.144,1.277,1.319,0.977,0.995,0.977,0.952,0.95,83.36721,0.00025
306,728.629346,0.21479,0.13281,1.09,94.798,1.966,1.939,1.137,1.141,1.27,1.294,0.977,0.996,0.977,0.952,0.952,82.56015,0.00025
307,723.099538,0.21132,0.1338,1.084,98.411,1.968,1.946,1.136,1.139,1.272,1.296,0.977,0.996,0.977,0.952,0.952,81.07619,0.00025
308,721.487688,0.20731,0.13463,1.091,99.754,1.976,1.968,1.141,1.144,1.271,1.309,0.977,0.996,0.977,0.952,0.951,82.36843,0.00025
309,714.951463,0.20469,0.13329,1.083,99.157,1.96,1.944,1.139,1.14,1.263,1.301,0.977,0.996,0.977,0.953,0.951,79.93625,0.00025
310,720.630336,0.20025,0.13393,1.083,99.601,1.955,1.936,1.139,1.142,1.256,1.292,0.977,0.996,0.977,0.953,0.952,82.2124,0.00025
311,715.148604,0.19645,0.13245,1.087,94.721,1.956,1.925,1.139,1.135,1.254,1.284,0.977,0.996,0.977,0.954,0.953,82.90193,0.00025
312,716.932392,0.1924,0.13354,1.091,101.438,1.958,1.93,1.142,1.136,1.267,1.288,0.977,0.995,0.977,0.953,0.952,83.26455,0.00025
313,714.716237,0.18776,0.13582,1.09,103.414,1.978,1.955,1.145,1.149,1.28,1.302,0.977,0.995,0.977,0.951,0.951,81.72896,0.00025
314,719.898145,0.1863,0.13442,1.081,100.499,1.965,1.958,1.144,1.135,1.27,1.308,0.977,0.996,0.977,0.952,0.951,82.75546,0.00025
315,719.32885,0.18395,0.1338,1.08,102.17,1.956,1.936,1.144,1.138,1.263,1.289,0.977,0.996,0.977,0.953,0.952,81.52188,0.00025
316,718.317166,0.17907,0.13556,1.08,110.389,1.963,1.935,1.145,1.139,1.265,1.288,0.977,0.995,0.977,0.953,0.952,80.29097,0.00025
317,713.639846,0.17382,0.13269,1.08,96.511,1.944,1.925,1.147,1.13,1.254,1.283,0.977,0.996,0.977,0.953,0.953,82.02938,0.00025
318,723.389814,0.16954,0.13341,1.074,95.023,1.949,1.931,1.148,1.139,1.254,1.288,0.978,0.996,0.977,0.953,0.952,83.11998,0.00025
319,715.255436,0.16527,0.1312,1.066,93.341,1.939,1.918,1.148,1.125,1.249,1.278,0.978,0.996,0.977,0.954,0.953,82.94507,0.00025
320,715.744025,0.16261,0.13398,1.069,97.575,1.951,1.932,1.155,1.135,1.256,1.288,0.978,0.996,0.977,0.953,0.952,82.67959,0.00025
321,715.432495,0.16024,0.13367,1.073,98.959,1.95,1.929,1.152,1.134,1.257,1.288,0.978,0.996,0.977,0.953,0.952,82.32063,0.00025
322,719.166194,0.15506,0.13306,1.07,102.995,1.947,1.931,1.151,1.126,1.257,1.287,0.978,0.996,0.977,0.953,0.952,81.12861,0.00025
323,717.8698,0.15027,0.13198,1.062,94.549,1.941,1.92,1.153,1.121,1.248,1.276,0.978,0.996,0.978,0.954,0.953,82.15925,0.00025
324,874.320778,0.14827,0.13361,1.073,100.185,1.951,1.926,1.153,1.146,1.254,1.286,0.978,0.996,0.977,0.953,0.952,82.07424,0.00025
325,719.397361,0.14321,0.13257,1.072,95.569,1.948,1.921,1.154,1.12,1.255,1.284,0.978,0.996,0.978,0.953,0.953,83.22297,0.00025
326,716.087328,0.14034,0.13213,1.068,93.936,1.947,1.923,1.155,1.132,1.252,1.282,0.978,0.996,0.977,0.954,0.953,83.25311,0.00025
327,730.39621,0.13753,0.13216,1.066,92.421,1.943,1.921,1.155,1.124,1.252,1.281,0.978,0.996,0.977,0.954,0.953,82.45457,0.00025
328,716.024801,0.13335,0.13266,1.057,96.278,1.946,1.922,1.151,1.116,1.249,1.28,0.978,0.996,0.978,0.954,0.953,83.25773,0.00025
329,721.265884,0.12995,0.13318,1.081,98.311,1.951,1.934,1.154,1.117,1.256,1.288,0.977,0.996,0.978,0.953,0.952,83.39852,0.00025
330,727.040086,0.1271,0.13143,1.075,93.745,1.95,1.924,1.151,1.117,1.255,1.282,0.978,0.996,0.978,0.953,0.953,83.35686,0.00025
331,721.644669,0.12501,0.13336,1.064,101.226,1.943,1.924,1.15,1.127,1.249,1.279,0.978,0.996,0.977,0.954,0.953,83.65877,0.00025
332,727.208496,0.12183,0.13076,1.049,90.429,1.942,1.922,1.149,1.127,1.25,1.28,0.979,0.996,0.977,0.954,0.953,82.70706,0.00025
333,723.483687,0.11986,0.13253,1.065,95.07,1.949,1.925,1.15,1.133,1.255,1.283,0.978,0.996,0.977,0.953,0.953,82.54388,0.00025
334,723.264526,0.11892,0.13156,1.052,94.477,1.949,1.929,1.15,1.118,1.254,1.285,0.979,0.996,0.978,0.953,0.953,83.67356,0.00025
335,723.035021,0.11536,0.1326,1.054,98.258,1.946,1.925,1.142,1.128,1.251,1.281,0.979,0.996,0.977,0.954,0.953,81.31716,0.00025
336,710.715844,0.11396,0.13218,1.076,93.921,1.95,1.931,1.143,1.139,1.253,1.285,0.978,0.996,0.977,0.954,0.953,82.51547,0.00025
337,713.735946,0.11306,0.13113,1.061,91.177,1.955,1.934,1.142,1.11,1.255,1.286,0.978,0.996,0.978,0.953,0.952,82.48075,0.00025
338,724.303384,0.11168,0.13063,1.049,91.983,1.952,1.929,1.141,1.105,1.254,1.283,0.979,0.996,0.978,0.953,0.953,81.28261,0.00025
339,720.349595,0.11126,0.1333,1.056,101.431,1.958,1.937,1.141,1.12,1.262,1.292,0.979,0.996,0.978,0.953,0.952,82.1715,0.00025
340,718.422448,0.11096,0.13059,1.046,90.109,1.958,1.935,1.138,1.117,1.256,1.285,0.979,0.996,0.978,0.953,0.953,82.24164,0.00025
341,713.578936,0.11164,0.13271,1.06,98.642,1.963,1.941,1.136,1.116,1.261,1.29,0.978,0.996,0.978,0.953,0.952,80.81201,0.00025
342,714.426382,0.11036,0.13066,1.046,89.474,1.961,1.938,1.136,1.097,1.259,1.286,0.979,0.997,0.979,0.953,0.953,83.66739,0.00025
343,718.32518,0.11117,0.13064,1.063,91.129,1.962,1.94,1.131,1.121,1.26,1.29,0.978,0.996,0.978,0.953,0.952,81.39368,0.00025
344,718.828658,0.11268,0.13123,1.051,91.556,1.967,1.942,1.129,1.125,1.261,1.29,0.979,0.996,0.977,0.953,0.952,82.2942,0.00025
345,720.178512,0.11259,0.12976,1.035,88.163,1.965,1.942,1.128,1.093,1.261,1.291,0.979,0.997,0.979,0.953,0.952,83.26743,0.00025
346,718.196396,0.11419,0.12991,1.043,88.28,1.967,1.944,1.125,1.124,1.263,1.29,0.979,0.997,0.978,0.953,0.952,82.10738,0.00025
347,721.38145,0.11706,0.13187,1.05,94.86,1.973,1.951,1.129,1.092,1.266,1.295,0.979,0.996,0.979,0.953,0.952,82.54679,0.00025
348,724.673909,0.11905,0.1306,1.047,92.489,1.974,1.951,1.133,1.101,1.266,1.294,0.979,0.996,0.978,0.953,0.952,80.94419,0.00025
349,716.772783,0.12133,0.12941,1.041,87.909,1.972,1.948,1.124,1.08,1.264,1.293,0.979,0.997,0.979,0.953,0.952,84.86978,0.00025
350,724.101299,0.12365,0.13037,1.042,89.365,1.974,1.95,1.121,1.115,1.265,1.293,0.979,0.996,0.978,0.953,0.952,82.64875,0.00025
351,720.282727,0.12881,0.1303,1.042,89.313,1.976,1.952,1.122,1.102,1.265,1.293,0.979,0.996,0.978,0.953,0.952,82.35954,0.00025
352,721.601428,0.1319,0.13067,1.045,91.235,1.976,1.952,1.121,1.096,1.268,1.296,0.979,0.996,0.979,0.952,0.952,82.69435,0.00025
353,718.242092,0.13585,0.12979,1.035,89.878,1.975,1.954,1.119,1.075,1.266,1.298,0.979,0.996,0.979,0.953,0.952,83.41183,0.00025
354,717.694684,0.13988,0.12979,1.047,89.923,1.976,1.953,1.12,1.087,1.268,1.296,0.979,0.997,0.979,0.952,0.952,82.19221,0.00025
355,715.143521,0.14355,0.12985,1.041,87.848,1.973,1.954,1.121,1.094,1.266,1.296,0.979,0.997,0.979,0.953,0.952,81.94478,0.00025
356,721.674479,0.14871,0.12994,1.044,90.183,1.973,1.956,1.118,1.088,1.266,1.298,0.979,0.996,0.979,0.953,0.952,82.12893,0.00025
357,722.967893,0.15278,0.12894,1.036,86.571,1.971,1.947,1.116,1.093,1.264,1.294,0.979,0.997,0.979,0.953,0.952,83.38491,0.00025
358,715.837116,0.15826,0.12928,1.035,88.676,1.967,1.945,1.118,1.081,1.259,1.29,0.979,0.997,0.979,0.953,0.952,84.96162,0.00025
359,716.869068,0.16484,0.12959,1.044,88.002,1.97,1.947,1.114,1.093,1.264,1.296,0.979,0.997,0.979,0.953,0.952,81.69294,0.00025
360,722.981884,0.16849,0.12998,1.039,91.529,1.978,1.973,1.114,1.074,1.272,1.314,0.979,0.996,0.98,0.952,0.95,81.61709,0.00025
361,720.782942,0.1748,0.13065,1.044,90.46,1.986,1.963,1.118,1.082,1.282,1.307,0.979,0.996,0.979,0.951,0.951,82.72567,0.00025
362,728.279983,0.18023,0.12994,1.04,89.782,1.978,1.963,1.116,1.074,1.27,1.307,0.979,0.996,0.98,0.952,0.951,83.2858,0.00025
363,756.498743,0.18333,0.12912,1.044,89.333,1.974,1.946,1.117,1.072,1.262,1.294,0.979,0.997,0.979,0.953,0.952,84.40934,0.00025
364,721.331058,0.18841,0.1294,1.04,88.808,1.978,1.945,1.116,1.072,1.275,1.289,0.979,0.997,0.98,0.952,0.952,85.62676,0.00025
365,721.215473,0.19624,0.13122,1.058,91.878,1.989,1.973,1.122,1.107,1.277,1.315,0.978,0.996,0.978,0.952,0.95,83.04592,0.00025
366,722.665966,0.19985,0.13076,1.049,92.297,1.985,1.975,1.114,1.076,1.285,1.321,0.979,0.996,0.979,0.951,0.95,83.93108,0.00025
367,724.371153,0.20416,0.13042,1.042,90.711,1.973,1.956,1.111,1.073,1.274,1.299,0.979,0.996,0.979,0.952,0.952,83.2535,0.00025
368,734.315554,0.20943,0.13682,1.088,104.517,2.042,2.085,1.123,1.103,1.327,1.416,0.977,0.995,0.978,0.948,0.942,83.15686,0.00025
369,722.909107,0.21549,0.13014,1.055,90.925,1.974,1.949,1.114,1.078,1.269,1.3,0.978,0.996,0.979,0.952,0.951,83.42394,0.00025
370,735.720626,0.21784,0.13027,1.045,91.049,1.984,1.957,1.112,1.073,1.282,1.31,0.979,0.996,0.979,0.952,0.951,85.54056,0.00025
371,735.460592,0.22203,0.13073,1.049,92.151,1.974,1.976,1.115,1.076,1.275,1.324,0.979,0.996,0.979,0.952,0.95,85.54271,0.00025
372,730.535931,0.2286,0.13295,1.061,96.363,2.004,1.988,1.119,1.098,1.291,1.33,0.978,0.996,0.979,0.951,0.949,84.64499,0.00025
373,727.524323,0.22772,0.13032,1.05,92.214,1.979,1.966,1.116,1.073,1.275,1.305,0.979,0.996,0.979,0.952,0.951,84.70763,0.00025
374,737.779445,0.23174,0.13204,1.076,95.08,1.989,1.965,1.115,1.081,1.28,1.304,0.978,0.996,0.979,0.951,0.951,83.4737,0.00025
375,725.26834,0.23303,0.13399,1.071,100.713,2.006,2.029,1.118,1.084,1.304,1.361,0.978,0.996,0.979,0.95,0.947,82.0406,0.00025
376,724.800463,0.23796,0.13142,1.074,94.998,1.99,1.96,1.118,1.085,1.285,1.307,0.978,0.996,0.979,0.951,0.951,83.27564,0.00025
377,732.335847,0.23835,0.13274,1.058,98.324,2.0,1.985,1.114,1.081,1.284,1.332,0.978,0.996,0.979,0.951,0.949,83.9944,0.00025
378,736.513512,0.24285,0.13286,1.062,97.803,1.99,1.984,1.12,1.086,1.285,1.324,0.978,0.996,0.979,0.951,0.95,83.45736,0.00025
379,740.559978,0.244,0.13,1.06,91.49,1.965,1.94,1.114,1.085,1.263,1.294,0.978,0.996,0.979,0.953,0.952,84.65962,0.00025
380,737.417848,0.24191,0.1309,1.05,93.888,1.967,1.946,1.108,1.079,1.263,1.288,0.979,0.996,0.979,0.953,0.952,83.19626,0.00025
381,745.743351,0.24438,0.13107,1.069,92.104,1.974,1.965,1.121,1.084,1.278,1.32,0.978,0.996,0.979,0.952,0.95,86.93734,0.00025
382,753.604825,0.25131,0.13192,1.061,95.587,1.976,1.954,1.115,1.086,1.268,1.295,0.978,0.996,0.979,0.952,0.952,86.07247,0.00025
383,756.669055,0.24505,0.1298,1.051,92.403,1.964,1.93,1.109,1.08,1.258,1.282,0.979,0.996,0.979,0.953,0.953,85.42844,0.00025
384,749.660065,0.24566,0.13193,1.06,95.708,2.007,1.956,1.117,1.089,1.288,1.304,0.978,0.996,0.979,0.951,0.951,86.40774,0.00025
385,748.053639,0.24647,0.13094,1.063,92.721,1.976,1.955,1.117,1.095,1.265,1.314,0.978,0.996,0.979,0.953,0.951,86.95575,0.00025
386,744.619881,0.24941,0.13169,1.071,96.175,1.977,1.971,1.114,1.09,1.27,1.324,0.978,0.996,0.979,0.952,0.95,85.42437,0.00025
387,734.304878,0.24386,0.13145,1.065,95.886,1.973,1.958,1.115,1.094,1.273,1.313,0.978,0.996,0.979,0.952,0.951,84.57438,0.00025
388,733.841379,0.24524,0.12988,1.057,92.24,1.949,1.927,1.111,1.09,1.257,1.287,0.978,0.996,0.979,0.953,0.953,82.79477,0.00025
389,727.698049,0.24617,0.13305,1.071,99.889,1.993,1.973,1.116,1.1,1.288,1.319,0.978,0.996,0.978,0.952,0.951,83.41263,0.00025
390,727.356306,0.24492,0.13434,1.086,101.768,1.997,2.027,1.124,1.103,1.297,1.379,0.977,0.995,0.978,0.95,0.946,84.38884,0.00025
391,725.68057,0.24253,0.13048,1.062,94.723,1.95,1.926,1.113,1.096,1.255,1.283,0.978,0.996,0.979,0.954,0.953,82.86778,0.00025
392,721.535218,0.2406,0.13194,1.068,98.066,1.974,1.954,1.116,1.1,1.266,1.298,0.978,0.996,0.978,0.953,0.952,83.8073,0.00025
393,719.539689,0.24077,0.1324,1.062,99.486,1.955,1.945,1.112,1.101,1.263,1.304,0.978,0.996,0.978,0.953,0.951,81.52919,0.00025
394,785.875713,0.23748,0.12943,1.062,90.784,1.933,1.914,1.111,1.101,1.246,1.276,0.978,0.996,0.978,0.954,0.953,82.09736,0.00025
395,718.989159,0.23299,0.12967,1.063,92.169,1.934,1.916,1.113,1.103,1.245,1.278,0.978,0.996,0.978,0.954,0.953,82.77502,0.00025
396,741.743103,0.23246,0.13318,1.093,101.384,1.979,1.969,1.119,1.122,1.295,1.338,0.977,0.995,0.978,0.951,0.95,85.136,0.00025
397,730.633341,0.23213,0.13123,1.066,94.8,1.942,1.93,1.115,1.108,1.252,1.291,0.978,0.996,0.978,0.954,0.952,84.16698,0.00025
